{
  "price_history": {
    "ETH_USDC": [
      3347.29,
      3347.29,
      3347.29,
      3347.29,
      3347.29,
      3347.29,
      3347.29,
      3347.29,
      3347.29,
      3347.29,
      3347.29,
      3347.29,
      3347.29,
      3347.29,
      3347.29,
      3347.29,
      3347.29,
      3347.29,
      3347.29,
      3347.29,
      3347.29,
      3347.29,
      3347.29,
      3347.29,
      3347.29,
      3347.29,
      3347.29,
      3347.29,
      3347.29,
      3347.29,
      3347.29,
      3347.29,
      3347.29,
      3347.29,
      3347.29,
      3347.29,
      3347.29,
      3347.29,
      3347.29,
      3347.29,
      3347.29,
      3347.29,
      3347.29,
      3347.29,
      3347.29,
      3347.29,
      3347.29,
      3347.29,
      3347.29,
      3347.29,
      3347.29,
      3347.29,
      3347.29,
      3347.29,
      3347.29,
      3347.29,
      3347.29,
      3347.29,
      3347.29,
      3347.29,
      3347.29,
      3347.29,
      3347.29,
      3347.29,
      3347.29,
      3347.29,
      3347.29,
      3347.29,
      3347.29,
      3347.29,
      3347.29,
      3347.29,
      3347.29,
      3347.29,
      3347.29,
      3347.29,
      3347.29,
      3347.29,
      3347.29,
      3347.29,
      3347.29,
      3347.29,
      3347.29,
      3347.29,
      3347.29,
      3347.29,
      3347.29,
      3347.29,
      3347.29,
      3347.29,
      3347.29,
      3347.29,
      3347.29,
      3347.29,
      3347.29,
      3347.29,
      3347.29,
      3347.29,
      3347.29,
      3347.29
    ],
    "SOL_USDC": [
      144.85500000000002,
      144.85500000000002,
      144.85500000000002,
      144.85500000000002,
      144.85500000000002,
      144.85500000000002,
      144.85500000000002,
      144.85500000000002,
      144.85500000000002,
      144.85500000000002,
      144.85500000000002,
      144.85500000000002,
      144.85500000000002,
      144.85500000000002,
      144.85500000000002,
      144.85500000000002,
      144.85500000000002,
      144.85500000000002,
      144.85500000000002,
      144.85500000000002,
      144.85500000000002,
      144.85500000000002,
      144.85500000000002,
      144.85500000000002,
      144.85500000000002,
      144.85500000000002,
      144.85500000000002,
      144.85500000000002,
      144.85500000000002,
      144.85500000000002,
      144.85500000000002,
      144.85500000000002,
      144.85500000000002,
      144.85500000000002,
      144.85500000000002,
      144.85500000000002,
      144.85500000000002,
      144.85500000000002,
      144.85500000000002,
      144.85500000000002,
      144.85500000000002,
      144.85500000000002,
      144.85500000000002,
      144.85500000000002,
      144.85500000000002,
      144.85500000000002,
      144.85500000000002,
      144.85500000000002,
      144.85500000000002,
      144.85500000000002,
      144.85500000000002,
      144.85500000000002,
      144.85500000000002,
      144.85500000000002,
      144.85500000000002,
      144.85500000000002,
      144.85500000000002,
      144.85500000000002,
      144.85500000000002,
      144.85500000000002,
      144.85500000000002,
      144.85500000000002,
      144.85500000000002,
      144.85500000000002,
      144.85500000000002,
      144.85500000000002,
      144.85500000000002,
      144.85500000000002,
      144.85500000000002,
      144.85500000000002,
      144.85500000000002,
      144.85500000000002,
      144.85500000000002,
      144.85500000000002,
      144.85500000000002,
      144.85500000000002,
      144.85500000000002,
      144.85500000000002,
      144.85500000000002,
      144.85500000000002,
      144.85500000000002,
      144.85500000000002,
      144.85500000000002,
      144.85500000000002,
      144.85500000000002,
      144.85500000000002,
      144.85500000000002,
      144.85500000000002,
      144.85500000000002,
      144.85500000000002,
      144.85500000000002,
      144.85500000000002,
      144.85500000000002,
      144.85500000000002,
      144.85500000000002,
      144.85500000000002,
      144.85500000000002,
      144.85500000000002,
      144.85500000000002,
      144.85500000000002
    ],
    "BTC_USDC": [
      96600.05,
      96600.05,
      96600.05,
      96600.05,
      96600.05,
      96600.05,
      96600.05,
      96600.05,
      96600.05,
      96600.05,
      96600.05,
      96600.05,
      96600.05,
      96600.05,
      96600.05,
      96600.05,
      96600.05,
      96600.05,
      96600.05,
      96600.05,
      96600.05,
      96600.05,
      96600.05,
      96600.05,
      96600.05,
      96600.05,
      96600.05,
      96600.05,
      96600.05,
      96600.05,
      96600.05,
      96600.05,
      96600.05,
      96600.05,
      96600.05,
      96600.05,
      96600.05,
      96600.05,
      96600.05,
      96600.05,
      96600.05,
      96600.05,
      96600.05,
      96600.05,
      96600.05,
      96600.05,
      96600.05,
      96600.05,
      96600.05,
      96600.05,
      96600.05,
      96600.05,
      96600.05,
      96600.05,
      96600.05,
      96600.05,
      96600.05,
      96600.05,
      96600.05,
      96600.05,
      96600.05,
      96600.05,
      96600.05,
      96600.05,
      96600.05,
      96600.05,
      96600.05,
      96600.05,
      96600.05,
      96600.05,
      96600.05,
      96600.05,
      96600.05,
      96600.05,
      96600.05,
      96600.05,
      96600.05,
      96600.05,
      96600.05,
      96600.05,
      96600.05,
      96600.05,
      96600.05,
      96600.05,
      96600.05,
      96600.05,
      96600.05,
      96600.05,
      96600.05,
      96600.05,
      96600.05,
      96600.05,
      96600.05,
      96600.05,
      96600.05,
      96600.05,
      96600.05,
      96600.05,
      96600.05,
      96600.05
    ]
  },
  "active_strategies": {},
  "last_check": {},
  "timestamp": "2026-01-15T18:32:49.101286"
}