{
  "price_history": {
    "ETH_USDC": [
      3313.245,
      3313.245,
      3313.245,
      3313.245,
      3313.245,
      3313.245,
      3313.245,
      3313.245,
      3313.245,
      3313.245,
      3313.245,
      3313.245,
      3313.245,
      3313.245,
      3313.245,
      3313.245,
      3313.245,
      3313.245,
      3313.245,
      3313.245,
      3313.245,
      3313.245,
      3313.245,
      3313.245,
      3313.245,
      3313.245,
      3313.245,
      3313.245,
      3313.245,
      3313.245,
      3313.245,
      3313.245,
      3313.245,
      3313.245,
      3313.245,
      3313.245,
      3313.245,
      3313.245,
      3313.245,
      3313.245,
      3313.245,
      3313.245,
      3313.245,
      3313.245,
      3313.245,
      3313.245,
      3313.245,
      3313.245,
      3313.245,
      3313.245,
      3313.245,
      3313.245,
      3313.245,
      3313.245,
      3313.245,
      3313.245,
      3313.245,
      3313.245,
      3313.245,
      3313.245,
      3313.245,
      3313.245,
      3313.245,
      3313.245,
      3313.245,
      3313.245,
      3313.245,
      3313.245,
      3313.245,
      3313.245,
      3313.245,
      3313.245,
      3313.245,
      3313.245,
      3313.245,
      3313.245,
      3313.27,
      3313.27,
      3313.27,
      3313.27,
      3313.285,
      3313.285,
      3313.29,
      3313.29,
      3313.295,
      3313.3050000000003,
      3313.3050000000003,
      3313.3050000000003,
      3313.3050000000003,
      3313.3050000000003,
      3313.3050000000003,
      3313.3050000000003,
      3313.3050000000003,
      3313.3050000000003,
      3313.3050000000003,
      3313.3050000000003,
      3313.3050000000003,
      3313.3050000000003,
      3313.3050000000003,
      3313.3050000000003
    ],
    "SOL_USDC": [
      144.64499999999998,
      144.64499999999998,
      144.64499999999998,
      144.64499999999998,
      144.64499999999998,
      144.64499999999998,
      144.64499999999998,
      144.64499999999998,
      144.64499999999998,
      144.64499999999998,
      144.64499999999998,
      144.64499999999998,
      144.64499999999998,
      144.64499999999998,
      144.64499999999998,
      144.64499999999998,
      144.64499999999998,
      144.64499999999998,
      144.64499999999998,
      144.64499999999998,
      144.64499999999998,
      144.64499999999998,
      144.64499999999998,
      144.64499999999998,
      144.64499999999998,
      144.64499999999998,
      144.64499999999998,
      144.64499999999998,
      144.64499999999998,
      144.64499999999998,
      144.64499999999998,
      144.64499999999998,
      144.64499999999998,
      144.64499999999998,
      144.64499999999998,
      144.64499999999998,
      144.64499999999998,
      144.64499999999998,
      144.64499999999998,
      144.64499999999998,
      144.64499999999998,
      144.64499999999998,
      144.64499999999998,
      144.64499999999998,
      144.64499999999998,
      144.64499999999998,
      144.64499999999998,
      144.64499999999998,
      144.64499999999998,
      144.64499999999998,
      144.64499999999998,
      144.64499999999998,
      144.64499999999998,
      144.64499999999998,
      144.64499999999998,
      144.64499999999998,
      144.64499999999998,
      144.64499999999998,
      144.64499999999998,
      144.64499999999998,
      144.64499999999998,
      144.64499999999998,
      144.64499999999998,
      144.64499999999998,
      144.64499999999998,
      144.64499999999998,
      144.64499999999998,
      144.64499999999998,
      144.64499999999998,
      144.64499999999998,
      144.64499999999998,
      144.64499999999998,
      144.64499999999998,
      144.64499999999998,
      144.64499999999998,
      144.64499999999998,
      144.655,
      144.66,
      144.66,
      144.66,
      144.66,
      144.66,
      144.67000000000002,
      144.675,
      144.665,
      144.67000000000002,
      144.67000000000002,
      144.67000000000002,
      144.675,
      144.675,
      144.675,
      144.675,
      144.675,
      144.675,
      144.675,
      144.675,
      144.675,
      144.675,
      144.675,
      144.675
    ],
    "BTC_USDC": [
      96442.75,
      96442.75,
      96442.75,
      96442.75,
      96442.75,
      96442.75,
      96442.75,
      96442.75,
      96442.75,
      96442.75,
      96442.75,
      96442.75,
      96442.75,
      96442.75,
      96442.75,
      96442.75,
      96442.75,
      96442.75,
      96442.75,
      96442.75,
      96442.75,
      96442.75,
      96442.75,
      96442.75,
      96442.75,
      96442.75,
      96442.75,
      96442.75,
      96442.75,
      96442.75,
      96442.75,
      96442.75,
      96442.75,
      96442.75,
      96442.75,
      96442.75,
      96442.75,
      96442.75,
      96442.75,
      96442.75,
      96442.75,
      96442.75,
      96442.75,
      96442.75,
      96442.75,
      96442.75,
      96442.75,
      96442.75,
      96442.75,
      96442.75,
      96442.75,
      96442.75,
      96442.75,
      96442.75,
      96442.75,
      96442.75,
      96442.75,
      96442.75,
      96442.75,
      96442.75,
      96442.75,
      96442.75,
      96442.75,
      96442.75,
      96442.75,
      96442.75,
      96442.75,
      96442.75,
      96442.75,
      96442.75,
      96442.75,
      96442.75,
      96442.75,
      96442.75,
      96442.75,
      96442.75,
      96442.75,
      96442.75,
      96442.75,
      96442.75,
      96444.35,
      96443.05,
      96448.65,
      96448.65,
      96448.65,
      96448.65,
      96448.65,
      96448.65,
      96448.65,
      96448.65,
      96448.65,
      96448.65,
      96448.65,
      96448.65,
      96448.65,
      96448.65,
      96448.65,
      96448.65,
      96448.65,
      96448.65
    ]
  },
  "active_strategies": {},
  "last_check": {},
  "timestamp": "2026-01-15T11:46:32.664494"
}