{
  "price_history": {
    "ETH_USDC": [
      3228.105,
      3228.105,
      3228.105,
      3228.105,
      3228.105,
      3228.105,
      3228.105,
      3228.105,
      3228.105,
      3228.105,
      3228.105,
      3228.105,
      3228.105,
      3228.105,
      3228.105,
      3228.105,
      3228.105,
      3228.105,
      3228.105,
      3228.105,
      3228.105,
      3228.105,
      3228.105,
      3228.105,
      3228.105,
      3228.105,
      3228.105,
      3228.105,
      3228.105,
      3228.105,
      3228.105,
      3228.105,
      3228.105,
      3228.105,
      3228.105,
      3228.105,
      3228.105,
      3228.105,
      3228.105,
      3228.105,
      3228.105,
      3228.105,
      3228.105,
      3228.105,
      3228.105,
      3228.105,
      3228.105,
      3228.105,
      3228.105,
      3228.105,
      3228.105,
      3228.105,
      3228.105,
      3228.105,
      3228.105,
      3228.105,
      3228.105,
      3228.105,
      3228.105,
      3228.105,
      3228.105,
      3228.105,
      3228.105,
      3228.105,
      3228.105,
      3228.105,
      3228.105,
      3228.105,
      3228.105,
      3227.8199999999997,
      3227.55,
      3227.55,
      3227.55,
      3227.55,
      3227.55,
      3227.545,
      3227.545,
      3227.545,
      3227.545,
      3227.545,
      3227.545,
      3227.545,
      3227.545,
      3227.545,
      3227.545,
      3227.545,
      3227.545,
      3227.545,
      3227.545,
      3227.545,
      3227.545,
      3227.545,
      3227.545,
      3227.545,
      3227.545,
      3227.545,
      3227.545,
      3227.545,
      3227.545,
      3227.545
    ],
    "SOL_USDC": [
      134.04500000000002,
      134.04500000000002,
      134.04500000000002,
      134.04500000000002,
      134.04500000000002,
      134.04500000000002,
      134.04500000000002,
      134.04500000000002,
      134.04500000000002,
      134.04500000000002,
      134.04500000000002,
      134.04500000000002,
      134.04500000000002,
      134.04500000000002,
      134.04500000000002,
      134.04500000000002,
      134.04500000000002,
      134.04500000000002,
      134.04500000000002,
      134.04500000000002,
      134.04500000000002,
      134.04500000000002,
      134.04500000000002,
      134.04500000000002,
      134.04500000000002,
      134.04500000000002,
      134.04500000000002,
      134.04500000000002,
      134.04500000000002,
      134.04500000000002,
      134.04500000000002,
      134.04500000000002,
      134.04500000000002,
      134.04500000000002,
      134.04500000000002,
      134.04500000000002,
      134.04500000000002,
      134.04500000000002,
      134.04500000000002,
      134.04500000000002,
      134.04500000000002,
      134.04500000000002,
      134.04500000000002,
      134.04500000000002,
      134.04500000000002,
      134.04500000000002,
      134.04500000000002,
      134.04500000000002,
      134.04500000000002,
      134.04500000000002,
      134.04500000000002,
      134.06,
      134.075,
      134.075,
      134.075,
      134.075,
      134.075,
      134.075,
      134.075,
      134.075,
      134.075,
      134.075,
      134.075,
      134.075,
      134.075,
      134.075,
      134.075,
      134.075,
      134.075,
      134.065,
      134.06,
      134.06,
      134.065,
      134.065,
      134.065,
      134.065,
      134.065,
      134.055,
      134.055,
      134.055,
      134.055,
      134.04500000000002,
      134.04500000000002,
      134.04500000000002,
      134.04500000000002,
      134.04500000000002,
      134.04500000000002,
      134.04500000000002,
      134.04500000000002,
      134.04500000000002,
      134.04500000000002,
      134.04500000000002,
      134.04500000000002,
      134.04500000000002,
      134.04500000000002,
      134.04500000000002,
      134.04500000000002,
      134.04500000000002,
      134.04500000000002,
      134.04500000000002
    ],
    "BTC_USDC": [
      93132.95,
      93132.95,
      93132.95,
      93132.95,
      93132.95,
      93132.95,
      93132.95,
      93132.95,
      93132.95,
      93132.95,
      93132.95,
      93132.95,
      93132.95,
      93132.95,
      93132.95,
      93132.95,
      93132.95,
      93132.95,
      93132.95,
      93132.95,
      93132.95,
      93132.95,
      93132.95,
      93132.95,
      93132.95,
      93132.95,
      93132.95,
      93132.95,
      93132.95,
      93132.95,
      93132.95,
      93132.95,
      93132.95,
      93132.95,
      93132.95,
      93132.95,
      93132.95,
      93132.95,
      93132.95,
      93132.95,
      93132.95,
      93132.95,
      93132.95,
      93132.95,
      93132.95,
      93132.95,
      93132.95,
      93132.95,
      93132.95,
      93132.95,
      93132.95,
      93132.95,
      93132.95,
      93132.95,
      93132.95,
      93132.95,
      93132.95,
      93132.95,
      93132.95,
      93132.95,
      93132.95,
      93132.95,
      93132.95,
      93132.95,
      93132.95,
      93132.95,
      93132.95,
      93132.95,
      93132.95,
      93132.95,
      93132.95,
      93132.95,
      93132.95,
      93132.95,
      93132.95,
      93132.95,
      93132.95,
      93132.95,
      93132.95,
      93132.95,
      93132.95,
      93132.95,
      93132.95,
      93132.95,
      93132.95,
      93132.95,
      93132.95,
      93132.95,
      93132.95,
      93132.95,
      93132.95,
      93132.95,
      93132.95,
      93132.95,
      93132.95,
      93132.95,
      93132.95,
      93132.95,
      93132.95,
      93132.95
    ]
  },
  "active_strategies": {
    "null": {
      "action": "ADD_STRATEGY",
      "userId": "73b8d213-2026-4bfc-87c0-04f625c87b9c",
      "requestId": "019bcc12-bc13-7000-9f1b-733af7b2ade3",
      "margin": 70000,
      "slippage": 1,
      "leverage": 3,
      "asset": "BTC_USDC",
      "type": "buy"
    },
    "019bcc13-c990-7000-8ac4-1e019c17ea5b": {
      "action": "ADD_STRATEGY",
      "userId": "73b8d213-2026-4bfc-87c0-04f625c87b9c",
      "requestId": "019bcc13-c990-7000-8ac4-1e019c17ea5b",
      "margin": 70000,
      "slippage": 1,
      "leverage": 3,
      "asset": "BTC_USDC",
      "type": "buy"
    },
    "019bcdba-ea74-7000-a324-1cad5bf1d057": {
      "action": "ADD_STRATEGY",
      "userId": "73b8d213-2026-4bfc-87c0-04f625c87b9c",
      "requestId": "019bcdba-ea74-7000-a324-1cad5bf1d057",
      "margin": 50000,
      "slippage": 1,
      "leverage": 2,
      "asset": "BTC_USDC",
      "type": "buy"
    },
    "019bcdeb-8785-7000-9e6e-4101c2e2f141": {
      "action": "ADD_STRATEGY",
      "userId": "73b8d213-2026-4bfc-87c0-04f625c87b9c",
      "requestId": "019bcdeb-8785-7000-9e6e-4101c2e2f141",
      "margin": 50000,
      "slippage": 1,
      "leverage": 2,
      "asset": "BTC_USDC",
      "type": "buy"
    }
  },
  "last_check": {},
  "timestamp": "2026-01-19T18:33:10.211533"
}